condition,Google_value,Google_delta,OpenAI_value,OpenAI_delta,xAI_value,xAI_delta,all_value,all_delta
control,0.3947368421052631,,0.3947368421052631,,0.4210526315789473,,0.4035087719298245,
control_audio,0.3771929824561403,-0.017543859649122806,0.2631578947368421,-0.13157894736842102,0.2982456140350877,-0.12280701754385959,0.3128654970760234,-0.09064327485380108
control_accents,0.3684210526315789,-0.02631578947368418,0.2105263157894736,-0.18421052631578952,0.2368421052631578,-0.1842105263157895,0.27192982456140347,-0.13157894736842102
control_behavior,0.3859649122807017,-0.00877192982456143,0.3070175438596491,-0.08771929824561403,0.3684210526315789,-0.05263157894736836,0.3538011695906433,-0.0497076023391812
control_audio_accents,0.2807017543859649,-0.11403508771929821,0.1491228070175438,-0.2456140350877193,0.1403508771929824,-0.2807017543859649,0.19005847953216368,-0.2134502923976608
control_audio_behavior,0.2543859649122807,-0.1403508771929824,0.1842105263157894,-0.2105263157894737,0.3157894736842105,-0.10526315789473678,0.25146198830409355,-0.15204678362573093
control_accents_behavior,0.3070175438596491,-0.08771929824561403,0.1666666666666666,-0.2280701754385965,0.2631578947368421,-0.1578947368421052,0.24561403508771926,-0.15789473684210523
regular,0.2807017543859649,-0.11403508771929821,0.1578947368421052,-0.2368421052631579,0.2017543859649122,-0.2192982456140351,0.21345029239766075,-0.19005847953216373
