condition,gemini-live-2.5-flas_value,gemini-live-2.5-flas_delta,gemini-live-2.5-flas_delta_rel,gpt-realtime-1.5_value,gpt-realtime-1.5_delta,gpt-realtime-1.5_delta_rel,xai-realtime_value,xai-realtime_delta,xai-realtime_delta_rel,all_value,all_delta,all_delta_rel
control,0.3859649122807017,,,0.6929824561403509,,,0.4824561403508772,,,0.52046783625731,,
control_audio,0.3508771929824561,-0.03508771929824556,-0.09090909090909077,0.6491228070175439,-0.04385964912280704,-0.06329113924050636,0.4473684210526316,-0.03508771929824561,-0.07272727272727272,0.4824561403508772,-0.038011695906432774,-0.07303370786516858
control_accents,0.4561403508771929,0.07017543859649122,0.18181818181818185,0.5877192982456141,-0.10526315789473684,-0.15189873417721517,0.2894736842105263,-0.19298245614035087,-0.39999999999999997,0.4444444444444444,-0.07602339181286555,-0.14606741573033716
control_behavior,0.4122807017543859,0.026315789473684237,0.06818181818181826,0.5614035087719298,-0.13157894736842113,-0.18987341772151908,0.5087719298245614,0.026315789473684237,0.0545454545454546,0.49415204678362573,-0.026315789473684237,-0.050561797752809036
regular,0.2807017543859649,-0.10526315789473678,-0.2727272727272726,0.4385964912280701,-0.2543859649122808,-0.3670886075949369,0.3684210526315789,-0.11403508771929827,-0.23636363636363641,0.3625730994152046,-0.15789473684210537,-0.3033707865168541
