condition,Gemini 2.5 Flash_value,Gemini 2.5 Flash_delta,Gemini 2.5 Flash_delta_rel,GPT Realtime 1.5_value,GPT Realtime 1.5_delta,GPT Realtime 1.5_delta_rel,xAI Realtime_value,xAI Realtime_delta,xAI Realtime_delta_rel,all_value,all_delta,all_delta_rel
control,0.4385964912280701,,,0.6929824561403509,,,0.4824561403508772,,,0.5380116959064327,,
control_audio,0.4035087719298245,-0.03508771929824561,-0.08000000000000002,0.6491228070175439,-0.04385964912280704,-0.06329113924050636,0.4473684210526316,-0.03508771929824561,-0.07272727272727272,0.5,-0.03801169590643272,-0.07065217391304343
control_accents,0.4298245614035088,-0.00877192982456132,-0.019999999999999813,0.5877192982456141,-0.10526315789473684,-0.15189873417721517,0.2894736842105263,-0.19298245614035087,-0.39999999999999997,0.43567251461988304,-0.10233918128654967,-0.19021739130434778
control_behavior,0.3333333333333333,-0.10526315789473678,-0.2399999999999999,0.5614035087719298,-0.13157894736842113,-0.18987341772151908,0.5087719298245614,0.026315789473684237,0.0545454545454546,0.4678362573099415,-0.07017543859649122,-0.13043478260869565
regular,0.2982456140350877,-0.1403508771929824,-0.3199999999999999,0.4385964912280701,-0.2543859649122808,-0.3670886075949369,0.3684210526315789,-0.11403508771929827,-0.23636363636363641,0.3684210526315789,-0.1695906432748538,-0.31521739130434784
